File,Label
whitman_scrapbook_001.jpg,Image 1
whitman_scrapbook_002.jpg,Image 2
whitman_scrapbook_003.jpg,Image 3
whitman_scrapbook_004.jpg,Image 4
whitman_scrapbook_005.jpg,Image 5
whitman_scrapbook_006.jpg,Image 6
whitman_scrapbook_007.jpg,Image 7
whitman_scrapbook_008.jpg,Image 8
whitman_scrapbook_009.jpg,Image 9
whitman_scrapbook_010.jpg,Image 10
whitman_scrapbook_011.jpg,Image 11
whitman_scrapbook_012.jpg,Image 12
whitman_scrapbook_013.jpg,Image 13
whitman_scrapbook_014.jpg,Image 14
whitman_scrapbook_015.jpg,Image 15
whitman_scrapbook_016.jpg,Image 16
whitman_scrapbook_017.jpg,Image 17
whitman_scrapbook_018.jpg,Image 18
whitman_scrapbook_019.jpg,Image 19
whitman_scrapbook_020.jpg,Image 20
whitman_scrapbook_021.jpg,Image 21
whitman_scrapbook_022.jpg,Image 22
whitman_scrapbook_023.jpg,Image 23
whitman_scrapbook_024.jpg,Image 24
whitman_scrapbook_025.jpg,Image 25
whitman_scrapbook_026.jpg,Image 26
whitman_scrapbook_027.jpg,Image 27
whitman_scrapbook_028.jpg,Image 28
whitman_scrapbook_029.jpg,Image 29
whitman_scrapbook_030.jpg,Image 30
whitman_scrapbook_031.jpg,Image 31
whitman_scrapbook_032.jpg,Image 32
whitman_scrapbook_033.jpg,Image 33
whitman_scrapbook_034.jpg,Image 34
whitman_scrapbook_035.jpg,Image 35
whitman_scrapbook_036.jpg,Image 36
whitman_scrapbook_037.jpg,Image 37
whitman_scrapbook_038.jpg,Image 38
whitman_scrapbook_039.jpg,Image 39
whitman_scrapbook_040.jpg,Image 40
whitman_scrapbook_041.jpg,Image 41
whitman_scrapbook_042.jpg,Image 42
whitman_scrapbook_043.jpg,Image 43
whitman_scrapbook_044.jpg,Image 44
whitman_scrapbook_045.jpg,Image 45
whitman_scrapbook_046.jpg,Image 46
whitman_scrapbook_047.jpg,Image 47
whitman_scrapbook_048.jpg,Image 48
whitman_scrapbook_049.jpg,Image 49
whitman_scrapbook_050.jpg,Image 50
whitman_scrapbook_051.jpg,Image 51
whitman_scrapbook_052.jpg,Image 52
whitman_scrapbook_053.jpg,Image 53
whitman_scrapbook_054.jpg,Image 54
whitman_scrapbook_055.jpg,Image 55
whitman_scrapbook_056.jpg,Image 56
whitman_scrapbook_057.jpg,Image 57
whitman_scrapbook_058.jpg,Image 58
whitman_scrapbook_059.jpg,Image 59
whitman_scrapbook_060.jpg,Image 60
whitman_scrapbook_061.jpg,Image 61
whitman_scrapbook_062.jpg,Image 62
whitman_scrapbook_063.jpg,Image 63
whitman_scrapbook_064.jpg,Image 64
whitman_scrapbook_065.jpg,Image 65
whitman_scrapbook_066.jpg,Image 66
whitman_scrapbook_067.jpg,Image 67
whitman_scrapbook_068.jpg,Image 68
whitman_scrapbook_069.jpg,Image 69
whitman_scrapbook_070.jpg,Image 70
whitman_scrapbook_071.jpg,Image 71
whitman_scrapbook_072.jpg,Image 72
whitman_scrapbook_073.jpg,Image 73
whitman_scrapbook_074.jpg,Image 74
whitman_scrapbook_075.jpg,Image 75
whitman_scrapbook_076.jpg,Image 76
whitman_scrapbook_077.jpg,Image 77
whitman_scrapbook_078.jpg,Image 78
whitman_scrapbook_079.jpg,Image 79
whitman_scrapbook_080.jpg,Image 80
whitman_scrapbook_081.jpg,Image 81
whitman_scrapbook_082.jpg,Image 82
whitman_scrapbook_083.jpg,Image 83
whitman_scrapbook_084.jpg,Image 84
whitman_scrapbook_085.jpg,Image 85
whitman_scrapbook_086.jpg,Image 86
whitman_scrapbook_087.jpg,Image 87
whitman_scrapbook_088.jpg,Image 88
whitman_scrapbook_089.jpg,Image 89
whitman_scrapbook_090.jpg,Image 90
whitman_scrapbook_091.jpg,Image 91
whitman_scrapbook_092.jpg,Image 92
whitman_scrapbook_093.jpg,Image 93
whitman_scrapbook_094.jpg,Image 94
whitman_scrapbook_095.jpg,Image 95
whitman_scrapbook_096.jpg,Image 96
whitman_scrapbook_097.jpg,Image 97
whitman_scrapbook_098.jpg,Image 98
whitman_scrapbook_099.jpg,Image 99
whitman_scrapbook_100.jpg,Image 100
whitman_scrapbook_101.jpg,Image 101
whitman_scrapbook_102.jpg,Image 102
whitman_scrapbook_103.jpg,Image 103
whitman_scrapbook_104.jpg,Image 104
whitman_scrapbook_105.jpg,Image 105
whitman_scrapbook_106.jpg,Image 106
whitman_scrapbook_107.jpg,Image 107
whitman_scrapbook_108.jpg,Image 108
whitman_scrapbook_109.jpg,Image 109
whitman_scrapbook_110.jpg,Image 110
whitman_scrapbook_111.jpg,Image 111
whitman_scrapbook_112.jpg,Image 112
whitman_scrapbook_113.jpg,Image 113
whitman_scrapbook_114.jpg,Image 114
whitman_scrapbook_115.jpg,Image 115
whitman_scrapbook_116.jpg,Image 116
whitman_scrapbook_117.jpg,Image 117
whitman_scrapbook_118.jpg,Image 118
whitman_scrapbook_119.jpg,Image 119
whitman_scrapbook_120.jpg,Image 120
whitman_scrapbook_121.jpg,Image 121
whitman_scrapbook_122.jpg,Image 122
whitman_scrapbook_123.jpg,Image 123
whitman_scrapbook_124.jpg,Image 124
whitman_scrapbook_125.jpg,Image 125
whitman_scrapbook_126.jpg,Image 126
whitman_scrapbook_127.jpg,Image 127
whitman_scrapbook_128.jpg,Image 128
whitman_scrapbook_129.jpg,Image 129
whitman_scrapbook_130.jpg,Image 130
whitman_scrapbook_131.jpg,Image 131
whitman_scrapbook_132.jpg,Image 132
whitman_scrapbook_133.jpg,Image 133
whitman_scrapbook_134.jpg,Image 134
whitman_scrapbook_135.jpg,Image 135
whitman_scrapbook_136.jpg,Image 136
whitman_scrapbook_137.jpg,Image 137
whitman_scrapbook_138.jpg,Image 138
whitman_scrapbook_139.jpg,Image 139
whitman_scrapbook_140.jpg,Image 140
whitman_scrapbook_141.jpg,Image 141
whitman_scrapbook_142.jpg,Image 142
whitman_scrapbook_143.jpg,Image 143
whitman_scrapbook_144.jpg,Image 144
whitman_scrapbook_145.jpg,Image 145
whitman_scrapbook_146.jpg,Image 146
whitman_scrapbook_147.jpg,Image 147
whitman_scrapbook_148.jpg,Image 148
whitman_scrapbook_149.jpg,Image 149
whitman_scrapbook_150.jpg,Image 150
whitman_scrapbook_151.jpg,Image 151
whitman_scrapbook_152.jpg,Image 152
whitman_scrapbook_153.jpg,Image 153
whitman_scrapbook_154.jpg,Image 154
whitman_scrapbook_155.jpg,Image 155
whitman_scrapbook_156.jpg,Image 156
whitman_scrapbook_157.jpg,Image 157
whitman_scrapbook_158.jpg,Image 158
whitman_scrapbook_159.jpg,Image 159
whitman_scrapbook_160.jpg,Image 160
whitman_scrapbook_161.jpg,Image 161
whitman_scrapbook_162.jpg,Image 162
whitman_scrapbook_163.jpg,Image 163
whitman_scrapbook_164.jpg,Image 164
whitman_scrapbook_165.jpg,Image 165
whitman_scrapbook_166.jpg,Image 166
whitman_scrapbook_167.jpg,Image 167
whitman_scrapbook_168.jpg,Image 168
whitman_scrapbook_169.jpg,Image 169
whitman_scrapbook_170.jpg,Image 170
whitman_scrapbook_171.jpg,Image 171
whitman_scrapbook_172.jpg,Image 172
whitman_scrapbook_173.jpg,Image 173
whitman_scrapbook_174.jpg,Image 174
whitman_scrapbook_175.jpg,Image 175
whitman_scrapbook_176.jpg,Image 176
whitman_scrapbook_177.jpg,Image 177
whitman_scrapbook_178.jpg,Image 178
whitman_scrapbook_179.jpg,Image 179
whitman_scrapbook_180.jpg,Image 180
whitman_scrapbook_181.jpg,Image 181
whitman_scrapbook_182.jpg,Image 182
whitman_scrapbook_183.jpg,Image 183
whitman_scrapbook_184.jpg,Image 184
whitman_scrapbook_185.jpg,Image 185
whitman_scrapbook_186.jpg,Image 186
whitman_scrapbook_187.jpg,Image 187
whitman_scrapbook_188.jpg,Image 188
whitman_scrapbook_189.jpg,Image 189
whitman_scrapbook_190.jpg,Image 190
whitman_scrapbook_191.jpg,Image 191
whitman_scrapbook_192.jpg,Image 192
whitman_scrapbook_193.jpg,Image 193
whitman_scrapbook_194.jpg,Image 194
whitman_scrapbook_195.jpg,Image 195
whitman_scrapbook_196.jpg,Image 196
whitman_scrapbook_197.jpg,Image 197
whitman_scrapbook_198.jpg,Image 198
whitman_scrapbook_199.jpg,Image 199
whitman_scrapbook_200.jpg,Image 200
whitman_scrapbook_201.jpg,Image 201
whitman_scrapbook_202.jpg,Image 202
whitman_scrapbook_203.jpg,Image 203
whitman_scrapbook_204.jpg,Image 204
whitman_scrapbook_205.jpg,Image 205
whitman_scrapbook_206.jpg,Image 206
whitman_scrapbook_207.jpg,Image 207
whitman_scrapbook_208.jpg,Image 208
whitman_scrapbook_209.jpg,Image 209
whitman_scrapbook_210.jpg,Image 210
whitman_scrapbook_211.jpg,Image 211
whitman_scrapbook_212.jpg,Image 212
whitman_scrapbook_213.jpg,Image 213
whitman_scrapbook_214.jpg,Image 214
whitman_scrapbook_215.jpg,Image 215
whitman_scrapbook_216.jpg,Image 216
whitman_scrapbook_217.jpg,Image 217
whitman_scrapbook_218.jpg,Image 218
whitman_scrapbook_219.jpg,Image 219
whitman_scrapbook_220.jpg,Image 220
whitman_scrapbook_221.jpg,Image 221
whitman_scrapbook_222.jpg,Image 222
whitman_scrapbook_223.jpg,Image 223
whitman_scrapbook_224.jpg,Image 224
whitman_scrapbook_225.jpg,Image 225
whitman_scrapbook_226.jpg,Image 226
whitman_scrapbook_227.jpg,Image 227
whitman_scrapbook_228.jpg,Image 228
whitman_scrapbook_229.jpg,Image 229
whitman_scrapbook_230.jpg,Image 230
whitman_scrapbook_231.jpg,Image 231
whitman_scrapbook_232.jpg,Image 232
whitman_scrapbook_233.jpg,Image 233
whitman_scrapbook_234.jpg,Image 234
whitman_scrapbook_235.jpg,Image 235
whitman_scrapbook_236.jpg,Image 236
whitman_scrapbook_237.jpg,Image 237
whitman_scrapbook_238.jpg,Image 238
whitman_scrapbook_239.jpg,Image 239
whitman_scrapbook_240.jpg,Image 240
whitman_scrapbook_241.jpg,Image 241
whitman_scrapbook_242.jpg,Image 242
whitman_scrapbook_243.jpg,Image 243
whitman_scrapbook_244.jpg,Image 244
whitman_scrapbook_245.jpg,Image 245
whitman_scrapbook_246.jpg,Image 246
whitman_scrapbook_247.jpg,Image 247
whitman_scrapbook_248.jpg,Image 248
whitman_scrapbook_249.jpg,Image 249
whitman_scrapbook_250.jpg,Image 250
whitman_scrapbook_251.jpg,Image 251
whitman_scrapbook_252.jpg,Image 252
whitman_scrapbook_253.jpg,Image 253
whitman_scrapbook_254.jpg,Image 254
whitman_scrapbook_255.jpg,Image 255
whitman_scrapbook_256.jpg,Image 256
whitman_scrapbook_257.jpg,Image 257
whitman_scrapbook_258.jpg,Image 258
whitman_scrapbook_259.jpg,Image 259
whitman_scrapbook_260.jpg,Image 260
whitman_scrapbook_261.jpg,Image 261
whitman_scrapbook_262.jpg,Image 262
whitman_scrapbook_263.jpg,Image 263
whitman_scrapbook_264.jpg,Image 264
whitman_scrapbook_265.jpg,Image 265
whitman_scrapbook_266.jpg,Image 266
whitman_scrapbook_267.jpg,Image 267
whitman_scrapbook_268.jpg,Image 268
whitman_scrapbook_269.jpg,Image 269
whitman_scrapbook_270.jpg,Image 270
whitman_scrapbook_271.jpg,Image 271
whitman_scrapbook_272.jpg,Image 272
whitman_scrapbook_273.jpg,Image 273
whitman_scrapbook_274.jpg,Image 274
whitman_scrapbook_275.jpg,Image 275
whitman_scrapbook_276.jpg,Image 276
whitman_scrapbook_277.jpg,Image 277
whitman_scrapbook_278.jpg,Image 278
whitman_scrapbook_279.jpg,Image 279
whitman_scrapbook_280.jpg,Image 280
whitman_scrapbook_281.jpg,Image 281
whitman_scrapbook_282.jpg,Image 282
whitman_scrapbook_283.jpg,Image 283
whitman_scrapbook_284.jpg,Image 284
whitman_scrapbook_285.jpg,Image 285
whitman_scrapbook_286.jpg,Image 286
whitman_scrapbook_287.jpg,Image 287
whitman_scrapbook_288.jpg,Image 288
whitman_scrapbook_289.jpg,Image 289
whitman_scrapbook_290.jpg,Image 290
whitman_scrapbook_291.jpg,Image 291
whitman_scrapbook_292.jpg,Image 292
whitman_scrapbook_293.jpg,Image 293
whitman_scrapbook_294.jpg,Image 294
whitman_scrapbook_295.jpg,Image 295
whitman_scrapbook_296.jpg,Image 296
whitman_scrapbook_297.jpg,Image 297
whitman_scrapbook_298.jpg,Image 298
whitman_scrapbook_299.jpg,Image 299
whitman_scrapbook_300.jpg,Image 300
whitman_scrapbook_301.jpg,Image 301
whitman_scrapbook_302.jpg,Image 302
whitman_scrapbook_303.jpg,Image 303
whitman_scrapbook_304.jpg,Image 304
whitman_scrapbook_305.jpg,Image 305
whitman_scrapbook_306.jpg,Image 306
whitman_scrapbook_307.jpg,Image 307
whitman_scrapbook_308.jpg,Image 308
whitman_scrapbook_309.jpg,Image 309
whitman_scrapbook_310.jpg,Image 310
whitman_scrapbook_311.jpg,Image 311
whitman_scrapbook_312.jpg,Image 312
whitman_scrapbook_313.jpg,Image 313
whitman_scrapbook_314.jpg,Image 314
whitman_scrapbook_315.jpg,Image 315
whitman_scrapbook_316.jpg,Image 316
whitman_scrapbook_317.jpg,Image 317
whitman_scrapbook_318.jpg,Image 318
whitman_scrapbook_319.jpg,Image 319
whitman_scrapbook_320.jpg,Image 320
whitman_scrapbook_321.jpg,Image 321
whitman_scrapbook_322.jpg,Image 322
whitman_scrapbook_323.jpg,Image 323
whitman_scrapbook_324.jpg,Image 324
whitman_scrapbook_325.jpg,Image 325
whitman_scrapbook_326.jpg,Image 326
whitman_scrapbook_327.jpg,Image 327
whitman_scrapbook_328.jpg,Image 328
whitman_scrapbook_329.jpg,Image 329
whitman_scrapbook_330.jpg,Image 330
whitman_scrapbook_331.jpg,Image 331
whitman_scrapbook_332.jpg,Image 332
whitman_scrapbook_333.jpg,Image 333
whitman_scrapbook_334.jpg,Image 334
whitman_scrapbook_335.jpg,Image 335
whitman_scrapbook_336.jpg,Image 336
whitman_scrapbook_337.jpg,Image 337
whitman_scrapbook_338.jpg,Image 338
whitman_scrapbook_339.jpg,Image 339
whitman_scrapbook_340.jpg,Image 340
whitman_scrapbook_341.jpg,Image 341
whitman_scrapbook_342.jpg,Image 342
whitman_scrapbook_343.jpg,Image 343
whitman_scrapbook_344.jpg,Image 344
whitman_scrapbook_345.jpg,Image 345
whitman_scrapbook_346.jpg,Image 346
whitman_scrapbook_347.jpg,Image 347
whitman_scrapbook_348.jpg,Image 348
whitman_scrapbook_349.jpg,Image 349
whitman_scrapbook_350.jpg,Image 350
whitman_scrapbook_351.jpg,Image 351
whitman_scrapbook_352.jpg,Image 352
whitman_scrapbook_353.jpg,Image 353
whitman_scrapbook_354.jpg,Image 354
whitman_scrapbook_355.jpg,Image 355
whitman_scrapbook_356.jpg,Image 356
whitman_scrapbook_357.jpg,Image 357
whitman_scrapbook_358.jpg,Image 358
whitman_scrapbook_359.jpg,Image 359
whitman_scrapbook_360.jpg,Image 360
whitman_scrapbook_361.jpg,Image 361
whitman_scrapbook_362.jpg,Image 362
whitman_scrapbook_363.jpg,Image 363
whitman_scrapbook_364.jpg,Image 364
whitman_scrapbook_365.jpg,Image 365
whitman_scrapbook_366.jpg,Image 366
whitman_scrapbook_367.jpg,Image 367
whitman_scrapbook_368.jpg,Image 368
whitman_scrapbook_369.jpg,Image 369
whitman_scrapbook_370.jpg,Image 370
whitman_scrapbook_371.jpg,Image 371
whitman_scrapbook_372.jpg,Image 372
whitman_scrapbook_373.jpg,Image 373
whitman_scrapbook_374.jpg,Image 374
whitman_scrapbook_375.jpg,Image 375
whitman_scrapbook_376.jpg,Image 376
whitman_scrapbook_377.jpg,Image 377
whitman_scrapbook_378.jpg,Image 378
whitman_scrapbook_379.jpg,Image 379
whitman_scrapbook_380.jpg,Image 380
whitman_scrapbook_381.jpg,Image 381
whitman_scrapbook_382.jpg,Image 382
whitman_scrapbook_383.jpg,Image 383
whitman_scrapbook_384.jpg,Image 384
whitman_scrapbook_385.jpg,Image 385
whitman_scrapbook_386.jpg,Image 386
whitman_scrapbook_387.jpg,Image 387
whitman_scrapbook_388.jpg,Image 388
whitman_scrapbook_389.jpg,Image 389
whitman_scrapbook_390.jpg,Image 390
whitman_scrapbook_391.jpg,Image 391
whitman_scrapbook_392.jpg,Image 392
whitman_scrapbook_393.jpg,Image 393
whitman_scrapbook_394.jpg,Image 394
whitman_scrapbook_395.jpg,Image 395
whitman_scrapbook_396.jpg,Image 396
whitman_scrapbook_397.jpg,Image 397
whitman_scrapbook_398.jpg,Image 398
whitman_scrapbook_399.jpg,Image 399
whitman_scrapbook_400.jpg,Image 400
whitman_scrapbook_401.jpg,Image 401
whitman_scrapbook_402.jpg,Image 402
whitman_scrapbook_403.jpg,Image 403
whitman_scrapbook_404.jpg,Image 404
whitman_scrapbook_405.jpg,Image 405
whitman_scrapbook_406.jpg,Image 406
whitman_scrapbook_407.jpg,Image 407
whitman_scrapbook_408.jpg,Image 408
whitman_scrapbook_409.jpg,Image 409
whitman_scrapbook_410.jpg,Image 410
whitman_scrapbook_411.jpg,Image 411
whitman_scrapbook_412.jpg,Image 412
whitman_scrapbook_413.jpg,Image 413
whitman_scrapbook_414.jpg,Image 414
whitman_scrapbook_415.jpg,Image 415
whitman_scrapbook_416.jpg,Image 416
whitman_scrapbook_417.jpg,Image 417
whitman_scrapbook_418.jpg,Image 418
whitman_scrapbook_419.jpg,Image 419
whitman_scrapbook_420.jpg,Image 420
whitman_scrapbook_421.jpg,Image 421
whitman_scrapbook_422.jpg,Image 422
whitman_scrapbook_423.jpg,Image 423
whitman_scrapbook_424.jpg,Image 424
whitman_scrapbook_425.jpg,Image 425
whitman_scrapbook_426.jpg,Image 426
whitman_scrapbook_427.jpg,Image 427
whitman_scrapbook_428.jpg,Image 428
whitman_scrapbook_429.jpg,Image 429
whitman_scrapbook_430.jpg,Image 430
whitman_scrapbook_431.jpg,Image 431
whitman_scrapbook_432.jpg,Image 432
whitman_scrapbook_433.jpg,Image 433
whitman_scrapbook_434.jpg,Image 434
whitman_scrapbook_435.jpg,Image 435
whitman_scrapbook_436.jpg,Image 436
whitman_scrapbook_437.jpg,Image 437
whitman_scrapbook_438.jpg,Image 438
whitman_scrapbook_439.jpg,Image 439
whitman_scrapbook_440.jpg,Image 440
whitman_scrapbook_441.jpg,Image 441
whitman_scrapbook_442.jpg,Image 442
whitman_scrapbook_443.jpg,Image 443
whitman_scrapbook_444.jpg,Image 444
whitman_scrapbook_445.jpg,Image 445
whitman_scrapbook_446.jpg,Image 446
whitman_scrapbook_447.jpg,Image 447
whitman_scrapbook_448.jpg,Image 448
whitman_scrapbook_449.jpg,Image 449
whitman_scrapbook_450.jpg,Image 450
whitman_scrapbook_451.jpg,Image 451
whitman_scrapbook_452.jpg,Image 452
whitman_scrapbook_453.jpg,Image 453
whitman_scrapbook_454.jpg,Image 454
whitman_scrapbook_455.jpg,Image 455
whitman_scrapbook_456.jpg,Image 456
whitman_scrapbook_457.jpg,Image 457
whitman_scrapbook_458.jpg,Image 458
whitman_scrapbook_459.jpg,Image 459
whitman_scrapbook_460.jpg,Image 460
whitman_scrapbook_461.jpg,Image 461
whitman_scrapbook_462.jpg,Image 462
whitman_scrapbook_463.jpg,Image 463
whitman_scrapbook_464.jpg,Image 464
whitman_scrapbook_465.jpg,Image 465
whitman_scrapbook_466.jpg,Image 466
whitman_scrapbook_467.jpg,Image 467
whitman_scrapbook_468.jpg,Image 468
whitman_scrapbook_469.jpg,Image 469
whitman_scrapbook_470.jpg,Image 470
whitman_scrapbook_471.jpg,Image 471
whitman_scrapbook_472.jpg,Image 472
whitman_scrapbook_473.jpg,Image 473
whitman_scrapbook_474.jpg,Image 474
whitman_scrapbook_475.jpg,Image 475
whitman_scrapbook_476.jpg,Image 476
whitman_scrapbook_477.jpg,Image 477
whitman_scrapbook_478.jpg,Image 478
whitman_scrapbook_479.jpg,Image 479
whitman_scrapbook_480.jpg,Image 480
whitman_scrapbook_481.jpg,Image 481
whitman_scrapbook_482.jpg,Image 482
whitman_scrapbook_483.jpg,Image 483
whitman_scrapbook_484.jpg,Image 484
whitman_scrapbook_485.jpg,Image 485
whitman_scrapbook_486.jpg,Image 486
whitman_scrapbook_487.jpg,Image 487
whitman_scrapbook_488.jpg,Image 488
whitman_scrapbook_489.jpg,Image 489
whitman_scrapbook_490.jpg,Image 490
whitman_scrapbook_491.jpg,Image 491
whitman_scrapbook_492.jpg,Image 492
whitman_scrapbook_493.jpg,Image 493
whitman_scrapbook_494.jpg,Image 494
whitman_scrapbook_495.jpg,Image 495
whitman_scrapbook_496.jpg,Image 496
whitman_scrapbook_497.jpg,Image 497
whitman_scrapbook_498.jpg,Image 498
whitman_scrapbook_499.jpg,Image 499
whitman_scrapbook_500.jpg,Image 500
whitman_scrapbook_501.jpg,Image 501
whitman_scrapbook_502.jpg,Image 502
whitman_scrapbook_503.jpg,Image 503
whitman_scrapbook_504.jpg,Image 504
whitman_scrapbook_505.jpg,Image 505
whitman_scrapbook_506.jpg,Image 506
whitman_scrapbook_507.jpg,Image 507
whitman_scrapbook_508.jpg,Image 508
whitman_scrapbook_509.jpg,Image 509
whitman_scrapbook_510.jpg,Image 510
whitman_scrapbook_511.jpg,Image 511
whitman_scrapbook_512.jpg,Image 512
whitman_scrapbook_513.jpg,Image 513
whitman_scrapbook_514.jpg,Image 514
whitman_scrapbook_515.jpg,Image 515
whitman_scrapbook_516.jpg,Image 516
whitman_scrapbook_517.jpg,Image 517
whitman_scrapbook_518.jpg,Image 518
whitman_scrapbook_519.jpg,Image 519
whitman_scrapbook_520.jpg,Image 520
whitman_scrapbook_521.jpg,Image 521
whitman_scrapbook_522.jpg,Image 522
whitman_scrapbook_523.jpg,Image 523
whitman_scrapbook_524.jpg,Image 524
whitman_scrapbook_525.jpg,Image 525
whitman_scrapbook_526.jpg,Image 526
whitman_scrapbook_527.jpg,Image 527
whitman_scrapbook_528.jpg,Image 528
whitman_scrapbook_529.jpg,Image 529
whitman_scrapbook_530.jpg,Image 530
whitman_scrapbook_531.jpg,Image 531
whitman_scrapbook_532.jpg,Image 532
whitman_scrapbook_533.jpg,Image 533
whitman_scrapbook_534.jpg,Image 534
whitman_scrapbook_535.jpg,Image 535
whitman_scrapbook_536.jpg,Image 536
whitman_scrapbook_537.jpg,Image 537
whitman_scrapbook_538.jpg,Image 538
whitman_scrapbook_539.jpg,Image 539
whitman_scrapbook_540.jpg,Image 540
whitman_scrapbook_541.jpg,Image 541
whitman_scrapbook_542.jpg,Image 542
whitman_scrapbook_543.jpg,Image 543
whitman_scrapbook_544.jpg,Image 544
whitman_scrapbook_545.jpg,Image 545
whitman_scrapbook_546.jpg,Image 546
whitman_scrapbook_547.jpg,Image 547
whitman_scrapbook_548.jpg,Image 548
whitman_scrapbook_549.jpg,Image 549
whitman_scrapbook_550.jpg,Image 550
whitman_scrapbook_551.jpg,Image 551
whitman_scrapbook_552.jpg,Image 552
whitman_scrapbook_553.jpg,Image 553
whitman_scrapbook_554.jpg,Image 554
whitman_scrapbook_555.jpg,Image 555
whitman_scrapbook_556.jpg,Image 556
whitman_scrapbook_557.jpg,Image 557
whitman_scrapbook_558.jpg,Image 558
whitman_scrapbook_559.jpg,Image 559
whitman_scrapbook_560.jpg,Image 560
whitman_scrapbook_561.jpg,Image 561
whitman_scrapbook_562.jpg,Image 562
whitman_scrapbook_563.jpg,Image 563
whitman_scrapbook_564.jpg,Image 564
whitman_scrapbook_565.jpg,Image 565
whitman_scrapbook_566.jpg,Image 566
whitman_scrapbook_567.jpg,Image 567
whitman_scrapbook_568.jpg,Image 568
whitman_scrapbook_569.jpg,Image 569
whitman_scrapbook_570.jpg,Image 570
whitman_scrapbook_571.jpg,Image 571
whitman_scrapbook_572.jpg,Image 572
whitman_scrapbook_573.jpg,Image 573
whitman_scrapbook_574.jpg,Image 574
whitman_scrapbook_575.jpg,Image 575
whitman_scrapbook_576.jpg,Image 576
whitman_scrapbook_577.jpg,Image 577
whitman_scrapbook_578.jpg,Image 578
whitman_scrapbook_579.jpg,Image 579
whitman_scrapbook_580.jpg,Image 580
whitman_scrapbook_581.jpg,Image 581
whitman_scrapbook_582.jpg,Image 582
whitman_scrapbook_583.jpg,Image 583
whitman_scrapbook_584.jpg,Image 584
whitman_scrapbook_585.jpg,Image 585
whitman_scrapbook_586.jpg,Image 586
whitman_scrapbook_587.jpg,Image 587
whitman_scrapbook_588.jpg,Image 588
whitman_scrapbook_589.jpg,Image 589
whitman_scrapbook_590.jpg,Image 590
whitman_scrapbook_591.jpg,Image 591
whitman_scrapbook_592.jpg,Image 592
whitman_scrapbook_593.jpg,Image 593
whitman_scrapbook_594.jpg,Image 594
whitman_scrapbook_595.jpg,Image 595
whitman_scrapbook_596.jpg,Image 596
whitman_scrapbook_597.jpg,Image 597
whitman_scrapbook_598.jpg,Image 598
whitman_scrapbook_599.jpg,Image 599
whitman_scrapbook_600.jpg,Image 600
whitman_scrapbook_601.jpg,Image 601
whitman_scrapbook_602.jpg,Image 602
whitman_scrapbook_603.jpg,Image 603
whitman_scrapbook_604.jpg,Image 604
whitman_scrapbook_605.jpg,Image 605
whitman_scrapbook_606.jpg,Image 606
whitman_scrapbook_607.jpg,Image 607
whitman_scrapbook_608.jpg,Image 608
whitman_scrapbook_609.jpg,Image 609
whitman_scrapbook_610.jpg,Image 610
whitman_scrapbook_611.jpg,Image 611
whitman_scrapbook_612.jpg,Image 612
whitman_scrapbook_613.jpg,Image 613
whitman_scrapbook_614.jpg,Image 614
whitman_scrapbook_615.jpg,Image 615
whitman_scrapbook_616.jpg,Image 616
whitman_scrapbook_617.jpg,Image 617
whitman_scrapbook_618.jpg,Image 618
whitman_scrapbook_619.jpg,Image 619
whitman_scrapbook_620.jpg,Image 620
whitman_scrapbook_621.jpg,Image 621
whitman_scrapbook_622.jpg,Image 622
whitman_scrapbook_623.jpg,Image 623
whitman_scrapbook_624.jpg,Image 624
whitman_scrapbook_625.jpg,Image 625
whitman_scrapbook_626.jpg,Image 626
whitman_scrapbook_627.jpg,Image 627
whitman_scrapbook_628.jpg,Image 628
whitman_scrapbook_629.jpg,Image 629
whitman_scrapbook_630.jpg,Image 630
whitman_scrapbook_631.jpg,Image 631
whitman_scrapbook_632.jpg,Image 632
whitman_scrapbook_633.jpg,Image 633
whitman_scrapbook_634.jpg,Image 634
whitman_scrapbook_635.jpg,Image 635
whitman_scrapbook_636.jpg,Image 636
whitman_scrapbook_637.jpg,Image 637
whitman_scrapbook_638.jpg,Image 638
whitman_scrapbook_639.jpg,Image 639
whitman_scrapbook_640.jpg,Image 640
whitman_scrapbook_641.jpg,Image 641
whitman_scrapbook_642.jpg,Image 642
whitman_scrapbook_643.jpg,Image 643
whitman_scrapbook_644.jpg,Image 644
whitman_scrapbook_645.jpg,Image 645
whitman_scrapbook_646.jpg,Image 646
whitman_scrapbook_647.jpg,Image 647
whitman_scrapbook_648.jpg,Image 648
whitman_scrapbook_649.jpg,Image 649
whitman_scrapbook_650.jpg,Image 650
whitman_scrapbook_651.jpg,Image 651
whitman_scrapbook_652.jpg,Image 652
whitman_scrapbook_653.jpg,Image 653
whitman_scrapbook_654.jpg,Image 654
whitman_scrapbook_655.jpg,Image 655
whitman_scrapbook_656.jpg,Image 656
whitman_scrapbook_657.jpg,Image 657
whitman_scrapbook_658.jpg,Image 658
whitman_scrapbook_659.jpg,Image 659
whitman_scrapbook_660.jpg,Image 660
whitman_scrapbook_661.jpg,Image 661
whitman_scrapbook_662.jpg,Image 662
whitman_scrapbook_663.jpg,Image 663
whitman_scrapbook_664.jpg,Image 664
whitman_scrapbook_665.jpg,Image 665
whitman_scrapbook_666.jpg,Image 666
whitman_scrapbook_667.jpg,Image 667
whitman_scrapbook_668.jpg,Image 668
whitman_scrapbook_669.jpg,Image 669
whitman_scrapbook_670.jpg,Image 670
whitman_scrapbook_671.jpg,Image 671
whitman_scrapbook_672.jpg,Image 672
whitman_scrapbook_673.jpg,Image 673
whitman_scrapbook_674.jpg,Image 674
whitman_scrapbook_675.jpg,Image 675
whitman_scrapbook_676.jpg,Image 676
whitman_scrapbook_677.jpg,Image 677
whitman_scrapbook_678.jpg,Image 678
whitman_scrapbook_679.jpg,Image 679
whitman_scrapbook_680.jpg,Image 680
whitman_scrapbook_681.jpg,Image 681
whitman_scrapbook_682.jpg,Image 682
whitman_scrapbook_683.jpg,Image 683
whitman_scrapbook_684.jpg,Image 684
whitman_scrapbook_685.jpg,Image 685
whitman_scrapbook_686.jpg,Image 686
whitman_scrapbook_687.jpg,Image 687
whitman_scrapbook_688.jpg,Image 688
whitman_scrapbook_689.jpg,Image 689
whitman_scrapbook_690.jpg,Image 690
whitman_scrapbook_691.jpg,Image 691
whitman_scrapbook_692.jpg,Image 692
whitman_scrapbook_693.jpg,Image 693
whitman_scrapbook_694.jpg,Image 694
whitman_scrapbook_695.jpg,Image 695
whitman_scrapbook_696.jpg,Image 696
whitman_scrapbook_697.jpg,Image 697
whitman_scrapbook_698.jpg,Image 698
whitman_scrapbook_699.jpg,Image 699
whitman_scrapbook_700.jpg,Image 700
whitman_scrapbook_701.jpg,Image 701
whitman_scrapbook_702.jpg,Image 702
whitman_scrapbook_703.jpg,Image 703
whitman_scrapbook_704.jpg,Image 704
whitman_scrapbook_705.jpg,Image 705
whitman_scrapbook_706.jpg,Image 706
whitman_scrapbook_707.jpg,Image 707
whitman_scrapbook_708.jpg,Image 708
whitman_scrapbook_709.jpg,Image 709
whitman_scrapbook_710.jpg,Image 710
whitman_scrapbook_711.jpg,Image 711
whitman_scrapbook_712.jpg,Image 712
whitman_scrapbook_713.jpg,Image 713
whitman_scrapbook_714.jpg,Image 714
whitman_scrapbook_715.jpg,Image 715
whitman_scrapbook_716.jpg,Image 716
whitman_scrapbook_717.jpg,Image 717
whitman_scrapbook_718.jpg,Image 718
whitman_scrapbook_719.jpg,Image 719
whitman_scrapbook_720.jpg,Image 720
whitman_scrapbook_721.jpg,Image 721
whitman_scrapbook_722.jpg,Image 722
whitman_scrapbook_723.jpg,Image 723
whitman_scrapbook_724.jpg,Image 724
whitman_scrapbook_725.jpg,Image 725
whitman_scrapbook_726.jpg,Image 726
whitman_scrapbook_727.jpg,Image 727
whitman_scrapbook_728.jpg,Image 728
whitman_scrapbook_729.jpg,Image 729
whitman_scrapbook_730.jpg,Image 730
whitman_scrapbook_731.jpg,Image 731
whitman_scrapbook_732.jpg,Image 732
whitman_scrapbook_733.jpg,Image 733
whitman_scrapbook_734.jpg,Image 734
whitman_scrapbook_735.jpg,Image 735
whitman_scrapbook_736.jpg,Image 736
whitman_scrapbook_737.jpg,Image 737
whitman_scrapbook_738.jpg,Image 738
whitman_scrapbook_739.jpg,Image 739
whitman_scrapbook_740.jpg,Image 740
whitman_scrapbook_741.jpg,Image 741
whitman_scrapbook_742.jpg,Image 742
whitman_scrapbook_743.jpg,Image 743
whitman_scrapbook_744.jpg,Image 744
whitman_scrapbook_745.jpg,Image 745
whitman_scrapbook_746.jpg,Image 746
whitman_scrapbook_747.jpg,Image 747
whitman_scrapbook_748.jpg,Image 748
whitman_scrapbook_749.jpg,Image 749
whitman_scrapbook_750.jpg,Image 750
whitman_scrapbook_751.jpg,Image 751
whitman_scrapbook_752.jpg,Image 752
whitman_scrapbook_753.jpg,Image 753
whitman_scrapbook_754.jpg,Image 754
whitman_scrapbook_755.jpg,Image 755
whitman_scrapbook_756.jpg,Image 756
whitman_scrapbook_757.jpg,Image 757
whitman_scrapbook_758.jpg,Image 758
whitman_scrapbook_759.jpg,Image 759
whitman_scrapbook_760.jpg,Image 760
whitman_scrapbook_761.jpg,Image 761
whitman_scrapbook_762.jpg,Image 762